panel	cohort	CpGmarker	n	estimate	CI_low	CI_high	unit	BH_q	source_table	source_field	formal_classification	display_annotation	q_endpoint
d	GSE74193	cg07158339	226	-0.553718669433	-0.959226188156	-0.180162450923	beta percentage points per decade	0.00345	../09_EXTERNAL_VALIDATION/tables/normal_brain_validation.tsv	robust_beta_slope_per_decade;slope_CI_low;slope_CI_high	inconclusive	normal age direction	normal-age Spearman association
e	GSE60274	cg07158339	63	-9.09784633846	-13.9173321781	-4.1985557587	beta percentage points beyond normal age trajectory	0.33235	../09_EXTERNAL_VALIDATION/tables/GBM_validation.tsv	normal_trajectory_delta;normal_trajectory_low;normal_trajectory_high	inconclusive	Method-sensitive; TCGA unavailable	primary tumour-control permutation; NOT a test of the plotted trajectory residual
e	GSE195684	cg07158339	116	-6.53615833969	-9.7153052317	-3.1565698926	beta percentage points beyond normal age trajectory	0.0525625	../09_EXTERNAL_VALIDATION/tables/GBM_validation.tsv	normal_trajectory_delta;normal_trajectory_low;normal_trajectory_high	inconclusive	Method-sensitive; TCGA unavailable	primary tumour-control permutation; NOT a test of the plotted trajectory residual
e	TCGA_GBM	cg07158339	0				beta percentage points beyond normal age trajectory		../09_EXTERNAL_VALIDATION/tables/GBM_validation.tsv	normal_trajectory_delta;normal_trajectory_low;normal_trajectory_high	inconclusive	Method-sensitive; TCGA unavailable	primary tumour-control permutation; NOT a test of the plotted trajectory residual
d	GSE74193	cg22947000	226	-0.669549845584	-1.03352137941	-0.288039036922	beta percentage points per decade	0.0003125	../09_EXTERNAL_VALIDATION/tables/normal_brain_validation.tsv	robust_beta_slope_per_decade;slope_CI_low;slope_CI_high	concordant with normal ageing	normal age direction	normal-age Spearman association
e	GSE60274	cg22947000	63	-12.9620467681	-15.3631169816	-10.3208716004	beta percentage points beyond normal age trajectory	0.0105	../09_EXTERNAL_VALIDATION/tables/GBM_validation.tsv	normal_trajectory_delta;normal_trajectory_low;normal_trajectory_high	concordant with normal ageing	Age-concordant; exaggerated	primary tumour-control permutation; NOT a test of the plotted trajectory residual
e	GSE195684	cg22947000	116	-18.266521138	-19.9103382497	-16.9312515567	beta percentage points beyond normal age trajectory	0.000125	../09_EXTERNAL_VALIDATION/tables/GBM_validation.tsv	normal_trajectory_delta;normal_trajectory_low;normal_trajectory_high	concordant with normal ageing	Age-concordant; exaggerated	primary tumour-control permutation; NOT a test of the plotted trajectory residual
e	TCGA_GBM	cg22947000	138	-16.8586509399	-18.3356960414	-15.606394936	beta percentage points beyond normal age trajectory	0.30425	../09_EXTERNAL_VALIDATION/tables/GBM_validation.tsv	normal_trajectory_delta;normal_trajectory_low;normal_trajectory_high	concordant with normal ageing	Age-concordant; exaggerated	primary tumour-control permutation; NOT a test of the plotted trajectory residual
d	GSE74193	cg01511567	226	-0.467722243899	-0.573714338	-0.361758719954	beta percentage points per decade	8.33333333333e-05	../09_EXTERNAL_VALIDATION/tables/normal_brain_validation.tsv	robust_beta_slope_per_decade;slope_CI_low;slope_CI_high	inconclusive	normal age direction	normal-age Spearman association
e	GSE60274	cg01511567	63	7.00782064676	4.87920256107	9.55748160374	beta percentage points beyond normal age trajectory	0.33235	../09_EXTERNAL_VALIDATION/tables/GBM_validation.tsv	normal_trajectory_delta;normal_trajectory_low;normal_trajectory_high	inconclusive	Opposes normal age; test-dependent	primary tumour-control permutation; NOT a test of the plotted trajectory residual
e	GSE195684	cg01511567	116	3.86688254817	2.95083336969	4.82929440287	beta percentage points beyond normal age trajectory	0.00225	../09_EXTERNAL_VALIDATION/tables/GBM_validation.tsv	normal_trajectory_delta;normal_trajectory_low;normal_trajectory_high	inconclusive	Opposes normal age; test-dependent	primary tumour-control permutation; NOT a test of the plotted trajectory residual
e	TCGA_GBM	cg01511567	138	2.59055044859	1.25834829775	4.07188388495	beta percentage points beyond normal age trajectory	0.30425	../09_EXTERNAL_VALIDATION/tables/GBM_validation.tsv	normal_trajectory_delta;normal_trajectory_low;normal_trajectory_high	inconclusive	Opposes normal age; test-dependent	primary tumour-control permutation; NOT a test of the plotted trajectory residual
d	GSE74193	cg19761273	226	-0.46416346535	-0.658435646412	-0.247407321402	beta percentage points per decade	8.33333333333e-05	../09_EXTERNAL_VALIDATION/tables/normal_brain_validation.tsv	robust_beta_slope_per_decade;slope_CI_low;slope_CI_high	inconclusive	normal age direction	normal-age Spearman association
e	GSE60274	cg19761273	63	4.66883780766	2.1768018392	7.31448293779	beta percentage points beyond normal age trajectory	0.33235	../09_EXTERNAL_VALIDATION/tables/GBM_validation.tsv	normal_trajectory_delta;normal_trajectory_low;normal_trajectory_high	inconclusive	Opposes normal age; inconsistent	primary tumour-control permutation; NOT a test of the plotted trajectory residual
e	GSE195684	cg19761273	116	1.4948294075	-0.704333700336	3.91932118342	beta percentage points beyond normal age trajectory	0.5731	../09_EXTERNAL_VALIDATION/tables/GBM_validation.tsv	normal_trajectory_delta;normal_trajectory_low;normal_trajectory_high	inconclusive	Opposes normal age; inconsistent	primary tumour-control permutation; NOT a test of the plotted trajectory residual
e	TCGA_GBM	cg19761273	138	1.4999781556	-0.865723584108	3.90500934882	beta percentage points beyond normal age trajectory	0.6938125	../09_EXTERNAL_VALIDATION/tables/GBM_validation.tsv	normal_trajectory_delta;normal_trajectory_low;normal_trajectory_high	inconclusive	Opposes normal age; inconsistent	primary tumour-control permutation; NOT a test of the plotted trajectory residual
d	GSE74193	cg13460409	226	1.27567825171	0.942113759158	1.6227551518	beta percentage points per decade	8.33333333333e-05	../09_EXTERNAL_VALIDATION/tables/normal_brain_validation.tsv	robust_beta_slope_per_decade;slope_CI_low;slope_CI_high	concordant with normal ageing	normal age direction	normal-age Spearman association
e	GSE60274	cg13460409	63	25.3360696933	21.1153606635	29.3842366136	beta percentage points beyond normal age trajectory	0.0105	../09_EXTERNAL_VALIDATION/tables/GBM_validation.tsv	normal_trajectory_delta;normal_trajectory_low;normal_trajectory_high	concordant with normal ageing	Age-concordant; exaggerated	primary tumour-control permutation; NOT a test of the plotted trajectory residual
e	GSE195684	cg13460409	116	23.889389581	20.479521508	27.1362380998	beta percentage points beyond normal age trajectory	0.000125	../09_EXTERNAL_VALIDATION/tables/GBM_validation.tsv	normal_trajectory_delta;normal_trajectory_low;normal_trajectory_high	concordant with normal ageing	Age-concordant; exaggerated	primary tumour-control permutation; NOT a test of the plotted trajectory residual
e	TCGA_GBM	cg13460409	138	20.2876578	17.0343817059	23.5753860484	beta percentage points beyond normal age trajectory	0.30425	../09_EXTERNAL_VALIDATION/tables/GBM_validation.tsv	normal_trajectory_delta;normal_trajectory_low;normal_trajectory_high	concordant with normal ageing	Age-concordant; exaggerated	primary tumour-control permutation; NOT a test of the plotted trajectory residual
