locus	scenario	metric	n_patients	patients	eligible_patient_candidates	strict_matching_failed_patients	total_eligible_windows	total_matched_windows	mean_abs_beta_mismatch	beta_target	beta_control	effect	CI_low	CI_high	empirical_p	effect_normalized	CI_low_normalized	CI_high_normalized	target	control	loo_effect_low	loo_effect_high	loo_same_sign_fraction	loo_max_p	synchronous_patient_p	target_normalized	control_normalized	normalization_denominator	BH_FDR_five_loci	BH_FDR_joint10_PDR_binary	LOO_max_FDR_five_loci	LOO_FDR_pass_fraction
cg07158339	primary	PDR	16	GBM-01;GBM-02;GBM-04;GBM-05;GBM-06;GBM-07;GBM-09;GBM-10;GBM-12;GBM-13;GBM-15;MEN-01;MEN-02;MEN-03;MEN-04;MEN-05	16	NA	462	460	0.00556337832	0.610789904	0.611041167	0.0325491738	0.00838276636	0.0561790593	0.1216	0.0325491738	0.00838276636	0.0561790593	0.345046951	0.312497778	0.0249837631	0.040580853	1	0.2253	0.7002997	0.345046951	0.312497778	1	0.202666667	0.304	0.3755	0
cg07158339	primary	binary_bits	16	GBM-01;GBM-02;GBM-04;GBM-05;GBM-06;GBM-07;GBM-09;GBM-10;GBM-12;GBM-13;GBM-15;MEN-01;MEN-02;MEN-03;MEN-04;MEN-05	16	NA	462	460	0.00556337832	0.610789904	0.611041167	0.0191650986	-0.0296847643	0.0621336586	0.7479	0.00479127464	-0.00742119107	0.0155334146	1.20355802	1.18439293	0.0116268264	0.0366389833	1	0.8504	0.944055944	0.300889506	0.296098232	4	0.8332	0.8896	0.9587	0
cg07158339	primary	PDR_beta_residual	16	GBM-01;GBM-02;GBM-04;GBM-05;GBM-06;GBM-07;GBM-09;GBM-10;GBM-12;GBM-13;GBM-15;MEN-01;MEN-02;MEN-03;MEN-04;MEN-05	16	NA	462	460	0.00556337832	0.610789904	0.611041167	0.0310411569	0.005863136	0.0548254785	0.1287	0.0310411569	0.005863136	0.0548254785	0.0282314847	-0.00280967215	0.0235509105	0.0390250949	1	0.2392	0.7002997	0.0282314847	-0.00280967215	1	0.2145	NA	0.398666667	0
cg07158339	primary	PDR_independent_site_residual	16	GBM-01;GBM-02;GBM-04;GBM-05;GBM-06;GBM-07;GBM-09;GBM-10;GBM-12;GBM-13;GBM-15;MEN-01;MEN-02;MEN-03;MEN-04;MEN-05	16	NA	462	460	0.00556337832	0.610789904	0.611041167	0.0245637599	0.00434747166	0.0435838613	0.1572	0.0245637599	0.00434747166	0.0435838613	-0.0457725052	-0.0703362651	0.0192478286	0.0316821499	1	0.2649	0.744255744	-0.0457725052	-0.0703362651	1	0.262	NA	0.4415	0
cg07158339	primary	PDR_M_only	16	GBM-01;GBM-02;GBM-04;GBM-05;GBM-06;GBM-07;GBM-09;GBM-10;GBM-12;GBM-13;GBM-15;MEN-01;MEN-02;MEN-03;MEN-04;MEN-05	16	NA	462	460	0.00556337832	0.610789904	0.611041167	0.0507035818	0.0323033289	0.069436863	0.023	0.0507035818	0.0323033289	0.069436863	0.303739718	0.253036136	0.0438887824	0.0552662663	1	0.0474	0.567432567	0.303739718	0.253036136	1	0.0575	NA	0.1185	0.05
cg07158339	primary	PDR_H_only	16	GBM-01;GBM-02;GBM-04;GBM-05;GBM-06;GBM-07;GBM-09;GBM-10;GBM-12;GBM-13;GBM-15;MEN-01;MEN-02;MEN-03;MEN-04;MEN-05	16	NA	462	460	0.00556337832	0.610789904	0.611041167	-0.0115609173	-0.017648681	-0.00649586991	0.0315	-0.0115609173	-0.017648681	-0.00649586991	0.00352704642	0.0150879638	-0.0122795701	-0.00957336045	1	0.0525	0.6003996	0.00352704642	0.0150879638	1	0.123	NA	0.1835	0
cg07158339	primary	PDR_MH_mixed	16	GBM-01;GBM-02;GBM-04;GBM-05;GBM-06;GBM-07;GBM-09;GBM-10;GBM-12;GBM-13;GBM-15;MEN-01;MEN-02;MEN-03;MEN-04;MEN-05	16	NA	462	460	0.00556337832	0.610789904	0.611041167	-0.00659349066	-0.0164538659	0.00642616205	0.5215	-0.00659349066	-0.0164538659	0.00642616205	0.0377801869	0.0443736775	-0.0118575407	-0.00464665559	1	0.6539	0.883116883	0.0377801869	0.0443736775	1	0.651875	NA	0.817375	0
cg22947000	primary	PDR	12	GBM-01;GBM-05;GBM-06;GBM-07;GBM-09;GBM-10;GBM-12;GBM-15;MEN-01;MEN-02;MEN-03;MEN-05	12	NA	333	328	0.00815044167	0.377587656	0.377394237	0.00543690988	-0.0224625608	0.0316964808	0.8896	0.00543690988	-0.0224625608	0.0316964808	0.408363998	0.402927088	-0.00224880397	0.0139216989	0.916666667	0.9813	0.95004995	0.408363998	0.402927088	1	0.8896	0.8896	0.9813	0
cg22947000	primary	binary_bits	12	GBM-01;GBM-05;GBM-06;GBM-07;GBM-09;GBM-10;GBM-12;GBM-15;MEN-01;MEN-02;MEN-03;MEN-05	12	NA	333	328	0.00815044167	0.377587656	0.377394237	0.133690868	0.0758959799	0.185445574	0.1708	0.0334227169	0.018973995	0.0463613936	1.73845317	1.6047623	0.118676827	0.153110653	1	0.2455	0.733266733	0.434613293	0.401190576	4	0.427	0.3416	0.61375	0
cg22947000	primary	PDR_beta_residual	12	GBM-01;GBM-05;GBM-06;GBM-07;GBM-09;GBM-10;GBM-12;GBM-15;MEN-01;MEN-02;MEN-03;MEN-05	12	NA	333	328	0.00815044167	0.377587656	0.377394237	0.00367972201	-0.0230808881	0.029172647	0.9232	0.00367972201	-0.0230808881	0.029172647	-0.023065014	-0.026744736	-0.00414221269	0.0120739118	0.833333333	0.9924	0.95004995	-0.023065014	-0.026744736	1	0.9232	NA	0.9924	0
cg22947000	primary	PDR_independent_site_residual	12	GBM-01;GBM-05;GBM-06;GBM-07;GBM-09;GBM-10;GBM-12;GBM-15;MEN-01;MEN-02;MEN-03;MEN-05	12	NA	333	328	0.00815044167	0.377587656	0.377394237	0.00823610453	-0.0162687017	0.0321032599	0.8037	0.00823610453	-0.0162687017	0.0321032599	-0.150014232	-0.158250336	0.00079477326	0.015394924	1	0.9823	0.944055944	-0.150014232	-0.158250336	1	0.8037	NA	0.9823	0
cg22947000	primary	PDR_M_only	12	GBM-01;GBM-05;GBM-06;GBM-07;GBM-09;GBM-10;GBM-12;GBM-15;MEN-01;MEN-02;MEN-03;MEN-05	12	NA	333	328	0.00815044167	0.377587656	0.377394237	-0.0481213376	-0.0679112052	-0.0250808633	0.2025	-0.0481213376	-0.0679112052	-0.0250808633	0.271205491	0.319326829	-0.0563778589	-0.0429197156	1	0.2734	0.75024975	0.271205491	0.319326829	1	0.3375	NA	0.455666667	0
cg22947000	primary	PDR_H_only	12	GBM-01;GBM-05;GBM-06;GBM-07;GBM-09;GBM-10;GBM-12;GBM-15;MEN-01;MEN-02;MEN-03;MEN-05	12	NA	333	328	0.00815044167	0.377587656	0.377394237	0.0252831584	0.0164337658	0.0348763291	0.0492	0.0252831584	0.0164337658	0.0348763291	0.0628722444	0.037589086	0.02233451	0.0275555306	1	0.0908	0.65034965	0.0628722444	0.037589086	1	0.123	NA	0.227	0
cg22947000	primary	PDR_MH_mixed	12	GBM-01;GBM-05;GBM-06;GBM-07;GBM-09;GBM-10;GBM-12;GBM-15;MEN-01;MEN-02;MEN-03;MEN-05	12	NA	333	328	0.00815044167	0.377587656	0.377394237	0.028275089	0.0141027676	0.0423583079	0.0314	0.028275089	0.0141027676	0.0423583079	0.0742862623	0.0460111733	0.0238403211	0.0321669746	1	0.0818	0.6003996	0.0742862623	0.0460111733	1	0.157	NA	0.409	0
cg01511567	primary	PDR	13	GBM-01;GBM-05;GBM-07;GBM-09;GBM-10;GBM-11;GBM-12;GBM-13;GBM-15;MEN-01;MEN-02;MEN-03;MEN-05	13	NA	381	381	0.00211887003	0.154811488	0.154529179	0.0157152093	0.00972227293	0.0221700539	0.0164	0.0157152093	0.00972227293	0.0221700539	0.119216269	0.10350106	0.0135102872	0.0176011453	1	0.0398	0.5004995	0.119216269	0.10350106	1	0.041	0.082	0.0995	0.7
cg01511567	primary	binary_bits	13	GBM-01;GBM-05;GBM-07;GBM-09;GBM-10;GBM-11;GBM-12;GBM-13;GBM-15;MEN-01;MEN-02;MEN-03;MEN-05	13	NA	381	381	0.00211887003	0.154811488	0.154529179	-0.0450384259	-0.0828869474	-0.0154370161	0.041	-0.0112596065	-0.0207217368	-0.00385925402	0.349716246	0.394754672	-0.0513364107	-0.0293155789	1	0.159	0.6003996	0.0874290614	0.0986886679	4	0.205	0.136666667	0.4345	0
cg01511567	primary	PDR_beta_residual	13	GBM-01;GBM-05;GBM-07;GBM-09;GBM-10;GBM-11;GBM-12;GBM-13;GBM-15;MEN-01;MEN-02;MEN-03;MEN-05	13	NA	381	381	0.00211887003	0.154811488	0.154529179	0.0146426815	0.00859266441	0.0206679076	0.0176	0.0146426815	0.00859266441	0.0206679076	0.0182118317	0.00356915027	0.0125152765	0.0165062738	1	0.0426	0.450549451	0.0182118317	0.00356915027	1	0.044	NA	0.1065	0.55
cg01511567	primary	PDR_independent_site_residual	13	GBM-01;GBM-05;GBM-07;GBM-09;GBM-10;GBM-11;GBM-12;GBM-13;GBM-15;MEN-01;MEN-02;MEN-03;MEN-05	13	NA	381	381	0.00211887003	0.154811488	0.154529179	0.00805264826	0.00435827344	0.0116902446	0.1005	0.00805264826	0.00435827344	0.0116902446	-0.00577646221	-0.0138291105	0.00727550154	0.00917494642	1	0.156	0.6003996	-0.00577646221	-0.0138291105	1	0.25125	NA	0.3135	0
cg01511567	primary	PDR_M_only	13	GBM-01;GBM-05;GBM-07;GBM-09;GBM-10;GBM-11;GBM-12;GBM-13;GBM-15;MEN-01;MEN-02;MEN-03;MEN-05	13	NA	381	381	0.00211887003	0.154811488	0.154529179	0.00826773859	0.00252444777	0.0138343325	0.3388	0.00826773859	0.00252444777	0.0138343325	0.0850156296	0.0767478911	0.00698777016	0.0100808555	1	0.4278	0.8001998	0.0850156296	0.0767478911	1	0.4235	NA	0.53475	0
cg01511567	primary	PDR_H_only	13	GBM-01;GBM-05;GBM-07;GBM-09;GBM-10;GBM-11;GBM-12;GBM-13;GBM-15;MEN-01;MEN-02;MEN-03;MEN-05	13	NA	381	381	0.00211887003	0.154811488	0.154529179	0.00472639708	0.0015391897	0.00772589978	0.1604	0.00472639708	0.0015391897	0.00772589978	0.0151882524	0.0104618553	0.00397731759	0.00575402015	1	0.2761	0.75024975	0.0151882524	0.0104618553	1	0.267333333	NA	0.370833333	0
cg01511567	primary	PDR_MH_mixed	13	GBM-01;GBM-05;GBM-07;GBM-09;GBM-10;GBM-11;GBM-12;GBM-13;GBM-15;MEN-01;MEN-02;MEN-03;MEN-05	13	NA	381	381	0.00211887003	0.154811488	0.154529179	0.00272107368	-0.000164664288	0.00597108968	0.4883	0.00272107368	-0.000164664288	0.00597108968	0.019012387	0.0162913133	0.0017232206	0.00329462109	1	0.6174	0.8001998	0.019012387	0.0162913133	1	0.651875	NA	0.795666667	0
cg19761273	primary	PDR	15	GBM-01;GBM-02;GBM-05;GBM-06;GBM-08;GBM-10;GBM-11;GBM-12;GBM-13;GBM-15;MEN-01;MEN-02;MEN-03;MEN-04;MEN-05	15	NA	503	503	0.00542001938	0.543679347	0.543903729	0.0586516095	0.0466879353	0.0704975397	0.01	0.0586516095	0.0466879353	0.0704975397	0.40468873	0.34603712	0.0553967435	0.0618518907	1	0.0175	0.450549451	0.40468873	0.34603712	1	0.041	0.082	0.0695	0.7
cg19761273	primary	binary_bits	15	GBM-01;GBM-02;GBM-05;GBM-06;GBM-08;GBM-10;GBM-11;GBM-12;GBM-13;GBM-15;MEN-01;MEN-02;MEN-03;MEN-04;MEN-05	15	NA	503	503	0.00542001938	0.543679347	0.543903729	-0.0169545996	-0.0547739203	0.0196666852	0.7916	-0.0042386499	-0.0136934801	0.00491667129	1.21849497	1.23544957	-0.0298381754	-0.00379097069	1	0.9526	0.95004995	0.304623742	0.308862392	4	0.8332	0.8896	0.9587	0
cg19761273	primary	PDR_beta_residual	15	GBM-01;GBM-02;GBM-05;GBM-06;GBM-08;GBM-10;GBM-11;GBM-12;GBM-13;GBM-15;MEN-01;MEN-02;MEN-03;MEN-04;MEN-05	15	NA	503	503	0.00542001938	0.543679347	0.543903729	0.0570443612	0.0453243165	0.0689804868	0.0112	0.0570443612	0.0453243165	0.0689804868	0.0635663019	0.00652194076	0.05371625	0.0602202676	1	0.0199	0.5004995	0.0635663019	0.00652194076	1	0.044	NA	0.07775	0.55
cg19761273	primary	PDR_independent_site_residual	15	GBM-01;GBM-02;GBM-05;GBM-06;GBM-08;GBM-10;GBM-11;GBM-12;GBM-13;GBM-15;MEN-01;MEN-02;MEN-03;MEN-04;MEN-05	15	NA	503	503	0.00542001938	0.543679347	0.543903729	0.0444094485	0.0355918713	0.0526031771	0.0196	0.0444094485	0.0355918713	0.0526031771	-0.028074229	-0.0724836775	0.0422357928	0.0464420605	1	0.0272	0.5004995	-0.028074229	-0.0724836775	1	0.098	NA	0.136	0
cg19761273	primary	PDR_M_only	15	GBM-01;GBM-02;GBM-05;GBM-06;GBM-08;GBM-10;GBM-11;GBM-12;GBM-13;GBM-15;MEN-01;MEN-02;MEN-03;MEN-04;MEN-05	15	NA	503	503	0.00542001938	0.543679347	0.543903729	0.0559878337	0.0397987128	0.0706596069	0.019	0.0559878337	0.0397987128	0.0706596069	0.338597633	0.282609799	0.0523032509	0.0614401956	1	0.0309	0.55044955	0.338597633	0.282609799	1	0.0575	NA	0.095	0.05
cg19761273	primary	PDR_H_only	15	GBM-01;GBM-02;GBM-05;GBM-06;GBM-08;GBM-10;GBM-11;GBM-12;GBM-13;GBM-15;MEN-01;MEN-02;MEN-03;MEN-04;MEN-05	15	NA	503	503	0.00542001938	0.543679347	0.543903729	0.00208994563	-0.00178079006	0.00630503328	0.7046	0.00208994563	-0.00178079006	0.00630503328	0.0173278177	0.0152378721	0.000690779516	0.00274951877	1	0.8999	0.947052947	0.0173278177	0.0152378721	1	0.7046	NA	0.8999	0
cg19761273	primary	PDR_MH_mixed	15	GBM-01;GBM-02;GBM-05;GBM-06;GBM-08;GBM-10;GBM-11;GBM-12;GBM-13;GBM-15;MEN-01;MEN-02;MEN-03;MEN-04;MEN-05	15	NA	503	503	0.00542001938	0.543679347	0.543903729	0.000573830132	-0.00479464043	0.00631090358	0.9614	0.000573830132	-0.00479464043	0.00631090358	0.0487632788	0.0481894487	-0.00156798003	0.00196522872	0.8	0.9993	1	0.0487632788	0.0481894487	1	0.9614	NA	0.9993	0
cg13460409	primary	PDR	12	GBM-01;GBM-05;GBM-06;GBM-09;GBM-10;GBM-12;GBM-13;GBM-15;MEN-01;MEN-02;MEN-03;MEN-04	13	GBM-02	437	427	0.00748880396	0.618156835	0.61819666	-0.0194338965	-0.0359262406	-0.00350389395	0.4763	-0.0194338965	-0.0359262406	-0.00350389395	0.287825298	0.307259194	-0.0235834233	-0.01446718	1	0.611	0.825174825	0.287825298	0.307259194	1	0.595375	0.793833333	0.76375	0
cg13460409	primary	binary_bits	12	GBM-01;GBM-05;GBM-06;GBM-09;GBM-10;GBM-12;GBM-13;GBM-15;MEN-01;MEN-02;MEN-03;MEN-04	13	GBM-02	437	427	0.00748880396	0.618156835	0.61819666	-0.0153555272	-0.0586578284	0.0298295831	0.8332	-0.0038388818	-0.0146644571	0.00745739576	1.28710603	1.30246156	-0.0297842489	-0.00388319451	1	0.9587	0.95004995	0.321776507	0.325615389	4	0.8332	0.8896	0.9587	0
cg13460409	primary	PDR_beta_residual	12	GBM-01;GBM-05;GBM-06;GBM-09;GBM-10;GBM-12;GBM-13;GBM-15;MEN-01;MEN-02;MEN-03;MEN-04	13	GBM-02	437	427	0.00748880396	0.618156835	0.61819666	-0.0216570049	-0.0380138565	-0.00577379476	0.412	-0.0216570049	-0.0380138565	-0.00577379476	-0.0302494338	-0.00859242886	-0.0257004409	-0.0166400696	1	0.5481	0.8001998	-0.0302494338	-0.00859242886	1	0.515	NA	0.685125	0
cg13460409	primary	PDR_independent_site_residual	12	GBM-01;GBM-05;GBM-06;GBM-09;GBM-10;GBM-12;GBM-13;GBM-15;MEN-01;MEN-02;MEN-03;MEN-04	13	GBM-02	437	427	0.00748880396	0.618156835	0.61819666	-0.0183139775	-0.0335256117	-0.00379954608	0.4443	-0.0183139775	-0.0335256117	-0.00379954608	-0.112060445	-0.0937464672	-0.0219364291	-0.0136655035	1	0.5851	0.85014985	-0.112060445	-0.0937464672	1	0.555375	NA	0.731375	0
cg13460409	primary	PDR_M_only	12	GBM-01;GBM-05;GBM-06;GBM-09;GBM-10;GBM-12;GBM-13;GBM-15;MEN-01;MEN-02;MEN-03;MEN-04	13	GBM-02	437	427	0.00748880396	0.618156835	0.61819666	0.00103244226	-0.0154126764	0.0165694547	0.9695	0.00103244226	-0.0154126764	0.0165694547	0.26429659	0.263264147	-0.00239808065	0.00642674548	0.583333333	0.9726	0.962037962	0.26429659	0.263264147	1	0.9695	NA	0.9726	0
cg13460409	primary	PDR_H_only	12	GBM-01;GBM-05;GBM-06;GBM-09;GBM-10;GBM-12;GBM-13;GBM-15;MEN-01;MEN-02;MEN-03;MEN-04	13	GBM-02	437	427	0.00748880396	0.618156835	0.61819666	-0.0062475397	-0.0109589822	-0.00192252904	0.235	-0.0062475397	-0.0109589822	-0.00192252904	0.00541306962	0.0116606093	-0.00732560717	-0.0044934543	1	0.3653	0.806193806	0.00541306962	0.0116606093	1	0.29375	NA	0.456625	0
cg13460409	primary	PDR_MH_mixed	12	GBM-01;GBM-05;GBM-06;GBM-09;GBM-10;GBM-12;GBM-13;GBM-15;MEN-01;MEN-02;MEN-03;MEN-04	13	GBM-02	437	427	0.00748880396	0.618156835	0.61819666	-0.0142187991	-0.0207135667	-0.00833330244	0.1663	-0.0142187991	-0.0207135667	-0.00833330244	0.0181156383	0.0323344374	-0.0159085058	-0.0118599037	1	0.248	0.7002997	0.0181156383	0.0323344374	1	0.41575	NA	0.62	0
cg07158339	tight_beta	PDR	16	GBM-01;GBM-02;GBM-04;GBM-05;GBM-06;GBM-07;GBM-09;GBM-10;GBM-12;GBM-13;GBM-15;MEN-01;MEN-02;MEN-03;MEN-04;MEN-05	16	NA	462	454	0.00242041269	0.613512746	0.613542047	0.0271007414	0.00365122248	0.0476445121	0.1756	0.0271007414	0.00365122248	0.0476445121	0.336636408	0.309535667	0.0217771813	0.0358664939	1	0.2738	0.762237762	0.336636408	0.309535667	1	0.292666667	0.3598	0.37475	0
cg07158339	tight_beta	binary_bits	16	GBM-01;GBM-02;GBM-04;GBM-05;GBM-06;GBM-07;GBM-09;GBM-10;GBM-12;GBM-13;GBM-15;MEN-01;MEN-02;MEN-03;MEN-04;MEN-05	16	NA	462	454	0.00242041269	0.613512746	0.613542047	0.0122038598	-0.0387906743	0.0545511836	0.8225	0.00305096496	-0.00969766858	0.0136377959	1.17775585	1.16555199	0.004227068	0.0316682336	1	0.9409	0.979020979	0.294438962	0.291387997	4	0.8225	0.8706	0.9409	0
cg22947000	tight_beta	PDR	12	GBM-01;GBM-05;GBM-06;GBM-07;GBM-09;GBM-10;GBM-12;GBM-15;MEN-01;MEN-02;MEN-03;MEN-05	12	NA	333	314	0.00350770641	0.379581969	0.379542206	0.00604760995	-0.0212200381	0.0310290166	0.8706	0.00604760995	-0.0212200381	0.0310290166	0.408573223	0.402525614	-0.00183433054	0.0154504028	0.916666667	0.9626	0.95004995	0.408573223	0.402525614	1	0.8706	0.8706	0.9626	0
cg22947000	tight_beta	binary_bits	12	GBM-01;GBM-05;GBM-06;GBM-07;GBM-09;GBM-10;GBM-12;GBM-15;MEN-01;MEN-02;MEN-03;MEN-05	12	NA	333	314	0.00350770641	0.379581969	0.379542206	0.121538019	0.0649074351	0.174857267	0.1799	0.0303845047	0.0162268588	0.0437143168	1.72706334	1.60552532	0.105626327	0.141181043	1	0.2677	0.733266733	0.431765835	0.40138133	4	0.44975	0.3598	0.66925	0
cg01511567	tight_beta	PDR	13	GBM-01;GBM-05;GBM-07;GBM-09;GBM-10;GBM-11;GBM-12;GBM-13;GBM-15;MEN-01;MEN-02;MEN-03;MEN-05	13	NA	381	381	0.000816754251	0.154811488	0.154793936	0.0156321582	0.00951262942	0.0217354734	0.0122	0.0156321582	0.00951262942	0.0217354734	0.119216269	0.103584111	0.0137055829	0.0172479077	1	0.0272	0.450549451	0.119216269	0.103584111	1	0.0305	0.0406666667	0.068	0.9
cg01511567	tight_beta	binary_bits	13	GBM-01;GBM-05;GBM-07;GBM-09;GBM-10;GBM-11;GBM-12;GBM-13;GBM-15;MEN-01;MEN-02;MEN-03;MEN-05	13	NA	381	381	0.000816754251	0.154811488	0.154793936	-0.0511655639	-0.0884478981	-0.0228097074	0.0098	-0.012791391	-0.0221119745	-0.00570242685	0.349716246	0.40088181	-0.0570315406	-0.0356316442	1	0.0461	0.5004995	0.0874290614	0.100220452	4	0.049	0.0406666667	0.2305	0.7
cg19761273	tight_beta	PDR	15	GBM-01;GBM-02;GBM-05;GBM-06;GBM-08;GBM-10;GBM-11;GBM-12;GBM-13;GBM-15;MEN-01;MEN-02;MEN-03;MEN-04;MEN-05	15	NA	503	500	0.00231207489	0.54372925	0.543723223	0.0571232424	0.0450455795	0.0707126867	0.0099	0.0571232424	0.0450455795	0.0707126867	0.400143069	0.343019827	0.0523797612	0.059954663	1	0.0195	0.478521479	0.400143069	0.343019827	1	0.0305	0.0406666667	0.058	0.9
cg19761273	tight_beta	binary_bits	15	GBM-01;GBM-02;GBM-05;GBM-06;GBM-08;GBM-10;GBM-11;GBM-12;GBM-13;GBM-15;MEN-01;MEN-02;MEN-03;MEN-04;MEN-05	15	NA	503	500	0.00231207489	0.54372925	0.543723223	-0.0197439379	-0.0589707633	0.0224046029	0.7437	-0.00493598447	-0.0147426908	0.00560115073	1.21157417	1.23131811	-0.034896313	-0.00730751451	1	0.904	0.9000999	0.302893544	0.307829528	4	0.8225	0.8706	0.9409	0
cg13460409	tight_beta	PDR	11	GBM-01;GBM-05;GBM-06;GBM-10;GBM-12;GBM-13;GBM-15;MEN-01;MEN-02;MEN-03;MEN-04	13	GBM-02;GBM-09	437	380	0.00297199591	0.619757473	0.619703406	-0.0256040556	-0.0448391681	-0.00778581829	0.2998	-0.0256040556	-0.0448391681	-0.00778581829	0.253356615	0.278960671	-0.0297900161	-0.0202338182	1	0.442	0.783216783	0.253356615	0.278960671	1	0.37475	0.499666667	0.5525	0
cg13460409	tight_beta	binary_bits	11	GBM-01;GBM-05;GBM-06;GBM-10;GBM-12;GBM-13;GBM-15;MEN-01;MEN-02;MEN-03;MEN-04	13	GBM-02;GBM-09	437	380	0.00297199591	0.619757473	0.619703406	-0.0332846087	-0.0776367927	0.0139940679	0.6144	-0.00832115218	-0.0194091982	0.00349851696	1.16391541	1.19720002	-0.0477156565	-0.0226676848	1	0.7435	0.9000999	0.290978853	0.299300005	4	0.8225	0.8706	0.9409	0
cg07158339	wide_beta	PDR	16	GBM-01;GBM-02;GBM-04;GBM-05;GBM-06;GBM-07;GBM-09;GBM-10;GBM-12;GBM-13;GBM-15;MEN-01;MEN-02;MEN-03;MEN-04;MEN-05	16	NA	462	462	0.00974040113	0.610918854	0.61148956	0.0342141667	0.0106124455	0.0582921171	0.1264	0.0342141667	0.0106124455	0.0582921171	0.345558536	0.311344369	0.0271552176	0.0421885938	1	0.2125	0.65034965	0.345558536	0.311344369	1	0.210666667	0.421333333	0.354166667	0
cg07158339	wide_beta	binary_bits	16	GBM-01;GBM-02;GBM-04;GBM-05;GBM-06;GBM-07;GBM-09;GBM-10;GBM-12;GBM-13;GBM-15;MEN-01;MEN-02;MEN-03;MEN-04;MEN-05	16	NA	462	462	0.00974040113	0.610918854	0.61148956	0.0304460934	-0.0140049309	0.0718502342	0.625	0.00761152336	-0.00350123272	0.0179625586	1.20632353	1.17587744	0.0218303667	0.0453177516	1	0.7335	0.9000999	0.301580883	0.29396936	4	0.9354	0.9585	0.964	0
cg22947000	wide_beta	PDR	12	GBM-01;GBM-05;GBM-06;GBM-07;GBM-09;GBM-10;GBM-12;GBM-15;MEN-01;MEN-02;MEN-03;MEN-05	12	NA	333	330	0.0138582777	0.376948568	0.376918967	0.00362931619	-0.0232580394	0.0293093654	0.926	0.00362931619	-0.0232580394	0.0293093654	0.408238869	0.404609553	-0.00393616999	0.0117357003	0.75	1	1	0.408238869	0.404609553	1	0.9585	0.9585	1	0
cg22947000	wide_beta	binary_bits	12	GBM-01;GBM-05;GBM-06;GBM-07;GBM-09;GBM-10;GBM-12;GBM-15;MEN-01;MEN-02;MEN-03;MEN-05	12	NA	333	330	0.0138582777	0.376948568	0.376918967	0.13757304	0.0846503209	0.186824363	0.1745	0.0343932601	0.0211625802	0.0467060907	1.73848607	1.60091303	0.123063511	0.156790083	1	0.2475	0.75024975	0.434621518	0.400228258	4	0.8005	0.43625	0.92075	0
cg01511567	wide_beta	PDR	13	GBM-01;GBM-05;GBM-07;GBM-09;GBM-10;GBM-11;GBM-12;GBM-13;GBM-15;MEN-01;MEN-02;MEN-03;MEN-05	13	NA	381	381	0.00462630625	0.154811488	0.154056023	0.0182791202	0.0125230648	0.0249550261	0.0211	0.0182791202	0.0125230648	0.0249550261	0.119216269	0.100937149	0.0157129427	0.0195973652	1	0.0534	0.5004995	0.119216269	0.100937149	1	0.05275	0.1055	0.1335	0.1
cg01511567	wide_beta	binary_bits	13	GBM-01;GBM-05;GBM-07;GBM-09;GBM-10;GBM-11;GBM-12;GBM-13;GBM-15;MEN-01;MEN-02;MEN-03;MEN-05	13	NA	381	381	0.00462630625	0.154811488	0.154056023	-0.0311214884	-0.0692734087	0.000754499172	0.3202	-0.00778037209	-0.0173183522	0.000188624793	0.349716246	0.380837734	-0.0391591761	-0.0162951231	1	0.592	0.75024975	0.0874290614	0.0952094335	4	0.8005	0.6404	0.9354	0
cg19761273	wide_beta	PDR	15	GBM-01;GBM-02;GBM-05;GBM-06;GBM-08;GBM-10;GBM-11;GBM-12;GBM-13;GBM-15;MEN-01;MEN-02;MEN-03;MEN-04;MEN-05	15	NA	503	503	0.00923468685	0.543679347	0.544395369	0.0588931484	0.0468118022	0.0711539417	0.0113	0.0588931484	0.0468118022	0.0711539417	0.40468873	0.345795581	0.0553239629	0.0621105299	1	0.0189	0.450549451	0.40468873	0.345795581	1	0.05275	0.1055	0.0875	0.1
cg19761273	wide_beta	binary_bits	15	GBM-01;GBM-02;GBM-05;GBM-06;GBM-08;GBM-10;GBM-11;GBM-12;GBM-13;GBM-15;MEN-01;MEN-02;MEN-03;MEN-04;MEN-05	15	NA	503	503	0.00923468685	0.543679347	0.544395369	-0.0187887223	-0.0587767314	0.0219206548	0.7791	-0.00469718057	-0.0146941828	0.0054801637	1.21849497	1.23728369	-0.0331018784	-0.00567429706	1	0.9342	0.95004995	0.304623742	0.309320922	4	0.9354	0.9585	0.964	0
cg13460409	wide_beta	PDR	13	GBM-01;GBM-02;GBM-05;GBM-06;GBM-09;GBM-10;GBM-12;GBM-13;GBM-15;MEN-01;MEN-02;MEN-03;MEN-04	13	NA	437	432	0.0145645096	0.602211854	0.602226608	-0.00145745639	-0.0242588964	0.0266571016	0.9585	-0.00145745639	-0.0242588964	0.0266571016	0.31377746	0.315234916	-0.0126282649	0.00281806077	0.615384615	0.9928	0.955044955	0.31377746	0.315234916	1	0.9585	0.9585	1	0
cg13460409	wide_beta	binary_bits	13	GBM-01;GBM-02;GBM-05;GBM-06;GBM-09;GBM-10;GBM-12;GBM-13;GBM-15;MEN-01;MEN-02;MEN-03;MEN-04	13	NA	437	432	0.0145645096	0.602211854	0.602226608	-0.00556634014	-0.0616987173	0.0470196854	0.9354	-0.00139158503	-0.0154246793	0.0117549214	1.32237527	1.32794161	-0.0204636275	0.0123756785	0.769230769	0.9884	0.955044955	0.330593818	0.331985403	4	0.9354	0.9585	0.9884	0
cg07158339	depth10	PDR	20	GBM-01;GBM-02;GBM-03;GBM-04;GBM-05;GBM-06;GBM-07;GBM-08;GBM-09;GBM-10;GBM-11;GBM-12;GBM-13;GBM-14;GBM-15;MEN-01;MEN-02;MEN-03;MEN-04;MEN-05	20	NA	1121	1120	0.00365346657	0.398707727	0.398783164	0.021271268	0.00609703286	0.0345921276	0.1813	0.021271268	0.00609703286	0.0345921276	0.264226598	0.24295533	0.017715721	0.0270271781	1	0.2601	0.75024975	0.264226598	0.24295533	1	0.302166667	0.3626	0.4335	0
cg07158339	depth10	binary_bits	20	GBM-01;GBM-02;GBM-03;GBM-04;GBM-05;GBM-06;GBM-07;GBM-08;GBM-09;GBM-10;GBM-11;GBM-12;GBM-13;GBM-14;GBM-15;MEN-01;MEN-02;MEN-03;MEN-04;MEN-05	20	NA	1121	1120	0.00365346657	0.398707727	0.398783164	0.00171092784	-0.0224099043	0.0261862543	0.9646	0.00042773196	-0.00560247606	0.00654656359	0.868958843	0.867247916	-0.0027245017	0.00650278397	0.7	0.9933	1	0.217239711	0.216811979	4	0.9646	0.9646	0.9933	0
cg22947000	depth10	PDR	20	GBM-01;GBM-02;GBM-03;GBM-04;GBM-05;GBM-06;GBM-07;GBM-08;GBM-09;GBM-10;GBM-11;GBM-12;GBM-13;GBM-14;GBM-15;MEN-01;MEN-02;MEN-03;MEN-04;MEN-05	20	NA	690	686	0.00743704877	0.370034262	0.369996324	0.00149627296	-0.0174702579	0.0193490076	0.9589	0.00149627296	-0.0174702579	0.0193490076	0.413789553	0.41229328	-0.00220854314	0.00601749182	0.75	0.9947	0.95004995	0.413789553	0.41229328	1	0.9589	0.9646	0.9947	0
cg22947000	depth10	binary_bits	20	GBM-01;GBM-02;GBM-03;GBM-04;GBM-05;GBM-06;GBM-07;GBM-08;GBM-09;GBM-10;GBM-11;GBM-12;GBM-13;GBM-14;GBM-15;MEN-01;MEN-02;MEN-03;MEN-04;MEN-05	20	NA	690	686	0.00743704877	0.370034262	0.369996324	0.115182292	0.0762908368	0.152787752	0.13	0.028795573	0.0190727092	0.0381969381	1.67362654	1.55844425	0.108097476	0.125241256	1	0.1666	0.75024975	0.418406635	0.389611062	4	0.325	0.325	0.4165	0
cg01511567	depth10	PDR	20	GBM-01;GBM-02;GBM-03;GBM-04;GBM-05;GBM-06;GBM-07;GBM-08;GBM-09;GBM-10;GBM-11;GBM-12;GBM-13;GBM-14;GBM-15;MEN-01;MEN-02;MEN-03;MEN-04;MEN-05	20	NA	1058	1058	0.00166066347	0.126976053	0.126811979	0.0128098317	0.00962763858	0.0163698766	0.0195	0.0128098317	0.00962763858	0.0163698766	0.116473864	0.103664032	0.0116374509	0.0132631722	1	0.0378	0.55044955	0.116473864	0.103664032	1	0.085	0.0975	0.10875	0.05
cg01511567	depth10	binary_bits	20	GBM-01;GBM-02;GBM-03;GBM-04;GBM-05;GBM-06;GBM-07;GBM-08;GBM-09;GBM-10;GBM-11;GBM-12;GBM-13;GBM-14;GBM-15;MEN-01;MEN-02;MEN-03;MEN-04;MEN-05	20	NA	1058	1058	0.00166066347	0.126976053	0.126811979	-0.0403861167	-0.0609708537	-0.0194668309	0.0168	-0.0100965292	-0.0152427134	-0.00486670771	0.315504258	0.355890374	-0.0464249505	-0.0350501301	1	0.0418	0.6003996	0.0788760645	0.0889725936	4	0.084	0.0975	0.209	0.1
cg19761273	depth10	PDR	20	GBM-01;GBM-02;GBM-03;GBM-04;GBM-05;GBM-06;GBM-07;GBM-08;GBM-09;GBM-10;GBM-11;GBM-12;GBM-13;GBM-14;GBM-15;MEN-01;MEN-02;MEN-03;MEN-04;MEN-05	20	NA	1488	1488	0.00355625484	0.395453482	0.395411566	0.037718359	0.0309585882	0.045595443	0.034	0.037718359	0.0309585882	0.045595443	0.301039602	0.263321243	0.0351332383	0.0387643913	1	0.0452	0.6003996	0.301039602	0.263321243	1	0.085	0.113333333	0.113	0
cg19761273	depth10	binary_bits	20	GBM-01;GBM-02;GBM-03;GBM-04;GBM-05;GBM-06;GBM-07;GBM-08;GBM-09;GBM-10;GBM-11;GBM-12;GBM-13;GBM-14;GBM-15;MEN-01;MEN-02;MEN-03;MEN-04;MEN-05	20	NA	1488	1488	0.00355625484	0.395453482	0.395411566	0.0256400009	0.0102365884	0.0422349218	0.556	0.00641000022	0.00255914709	0.0105587305	0.954145749	0.928505748	0.0212015846	0.0298157538	1	0.6252	0.9000999	0.238536437	0.232126437	4	0.803125	0.794285714	0.938	0
cg13460409	depth10	PDR	20	GBM-01;GBM-02;GBM-03;GBM-04;GBM-05;GBM-06;GBM-07;GBM-08;GBM-09;GBM-10;GBM-11;GBM-12;GBM-13;GBM-14;GBM-15;MEN-01;MEN-02;MEN-03;MEN-04;MEN-05	20	NA	1668	1654	0.00555034135	0.411132318	0.411121178	-0.0128292617	-0.0342370128	0.00717510701	0.55	-0.0128292617	-0.0342370128	0.00717510701	0.257370497	0.270199759	-0.0163098353	-0.00709609541	1	0.7374	0.9000999	0.257370497	0.270199759	1	0.6875	0.794285714	0.9001	0
cg13460409	depth10	binary_bits	20	GBM-01;GBM-02;GBM-03;GBM-04;GBM-05;GBM-06;GBM-07;GBM-08;GBM-09;GBM-10;GBM-11;GBM-12;GBM-13;GBM-14;GBM-15;MEN-01;MEN-02;MEN-03;MEN-04;MEN-05	20	NA	1668	1654	0.00555034135	0.411132318	0.411121178	-0.023773286	-0.0548180247	0.00718297877	0.6425	-0.00594332151	-0.0137045062	0.00179574469	1.04964609	1.07341938	-0.0311419415	-0.0159879113	1	0.7507	0.929070929	0.262411523	0.268354845	4	0.803125	0.803125	0.938375	0
