sample_id	tumour_type	chronological_age_public	Age_BS	Age_BS_CI_low	Age_BS_CI_high	clock_CpGs_total	clock_CpGs_observed	clock_CpG_coverage_fraction	unknown_beta_lower_years	unknown_beta_upper_years	median_clock_CpG_depth	mean_clock_CpG_depth	Age_M	Age_M_CI_low	Age_M_CI_high	hydroxymethylation_clock_effect	hydroxymethylation_clock_effect_CI_low	hydroxymethylation_clock_effect_CI_high	absolute_measured_5mC_signal_fraction	primary_purity	primary_ploidy	primary_purity_status	relative_abs_log2_gt_0p2_fraction	purity_at_search_boundary	five_reference_contrast_score	five_reference_contrast_years	technical_status	scientific_fit_class	outcome_class	loh_status
GBM-01	Glioblastoma	47	144.4858448	130.5585328	158.2877518	353	339	0.9603399433	119.6649918	148.0345149	27	30.79036827	141.0535112	127.2793104	154.5871314	3.432333589	-2.863341083	10.16355166	0.9298709314	0.82	1.96	qualified_conditional_WGS_fit	0.2158312047	False	0.6419791004	13.48156111	PASS	accepted_QC_qualified_fit	accepted_QC_qualified_purity_ploidy_fit	unresolved_unphased_population_SNPs
GBM-02	Glioblastoma	69	145.6019774	128.3129703	163.1475602	353	337	0.954674221	126.5778537	155.6427542	18	20.81869688	144.6646061	128.1264358	162.8646804	0.9373712956	-7.029735192	9.092695537	0.9316676069	0.9	1.93	qualified_conditional_WGS_fit	0.247797692	True	0.8143465964	17.10127852	PASS	accepted_QC_qualified_fit	accepted_QC_qualified_purity_ploidy_fit	unresolved_unphased_population_SNPs
GBM-03	Glioblastoma	70	105.0035949	85.2692901	126.494753	353	338	0.9575070822	95.25358708	122.6811063	16	15.76487252	105.0750519	85.45442145	127.1207893	-0.07145693924	-6.81696467	7.063346686	0.9149137719	0.58	1.91	qualified_conditional_WGS_fit	0.180954619	True	0.48854323	10.25940783	PASS	accepted_QC_qualified_fit	accepted_QC_qualified_purity_ploidy_fit	unresolved_unphased_population_SNPs
GBM-04	Glioblastoma	68	76.27849739	56.64036416	97.91137291	353	335	0.9490084986	55.88265406	100.814231	17	18.2407932	72.95472797	53.53945459	93.99641619	3.323769423	-3.237716531	10.90644804	0.9403402698	NA	NA	unresolved_joint_fit_ploidy_ambiguity	0.2230987098	False	0.03844926239	0.8074345102	PASS	valid_CNV_unresolved_purity_ploidy	valid_CNV_unresolved_purity_ploidy	unresolved_unphased_population_SNPs
GBM-05	Glioblastoma	57	86.18636081	75.96750796	96.51550287	353	341	0.9660056657	71.53563854	89.71698025	32	31.03966006	87.4311961	77.28396522	96.92058117	-1.244835298	-6.02550604	3.996743397	0.907080451	0.58	2	qualified_conditional_WGS_fit	0.20178062	True	0.8048323511	16.90147937	PASS	accepted_QC_qualified_fit	accepted_QC_qualified_purity_ploidy_fit	unresolved_unphased_population_SNPs
GBM-06	Glioblastoma	54	110.6721997	95.61189009	124.9715191	353	338	0.9575070822	94.6354331	115.5811472	27	26.36827195	112.8366661	98.43549143	127.4879381	-2.164466427	-7.718698821	3.562094765	0.9303403485	0.89	1.94	qualified_conditional_WGS_fit	0.2122139993	True	0.8531411813	17.91596481	PASS	accepted_QC_qualified_fit	accepted_QC_qualified_purity_ploidy_fit	unresolved_unphased_population_SNPs
GBM-07	Glioblastoma	65	72.50323229	58.38808307	86.5777267	353	339	0.9603399433	62.82023287	77.88094851	27	26.28328612	68.13808558	55.23019356	82.55150119	4.365146705	-4.646911812	13.85800119	0.7763910481	NA	NA	unresolved_no_accepted_fit	0.01329888942	False	0.5147158566	10.80903299	PASS	valid_CNV_unresolved_purity_ploidy	valid_CNV_unresolved_purity_ploidy	unresolved_unphased_population_SNPs
GBM-08	Glioblastoma	44	96.30298485	81.71819102	110.739361	353	337	0.954674221	79.75309192	114.4632796	20	20.21813031	94.86637182	80.44582047	109.4229185	1.436613033	-3.80168641	6.828805715	0.921371378	0.81	1.94	qualified_conditional_WGS_fit	0.1924831732	True	0.6073561221	12.75447856	PASS	accepted_QC_qualified_fit	accepted_QC_qualified_purity_ploidy_fit	unresolved_unphased_population_SNPs
GBM-09	Glioblastoma	66	113.8910123	96.35696429	130.7085192	353	339	0.9603399433	98.90024505	117.5672673	22	22.33711048	112.6115362	95.48038671	129.3235473	1.279476067	-6.35131705	9.632329157	0.9133455288	0.69	1.98	qualified_conditional_WGS_fit	0.1916786773	True	0.4542624145	9.539510704	PASS	accepted_QC_qualified_fit	accepted_QC_qualified_purity_ploidy_fit	unresolved_unphased_population_SNPs
GBM-10	Glioblastoma	59	59.6385476	50.3119956	69.23878206	353	340	0.9631728045	44.71011643	62.74748183	35	37.95467422	61.23972186	52.05839806	70.81501509	-1.601174254	-6.085615896	2.698185835	0.9178918713	NA	NA	unresolved_no_accepted_fit	0.1639811419	False	0.7657721474	16.0812151	PASS	valid_CNV_unresolved_purity_ploidy	valid_CNV_unresolved_purity_ploidy	unresolved_unphased_population_SNPs
GBM-11	Glioblastoma	60	134.7272185	119.1408939	150.6734509	353	340	0.9631728045	119.7619992	138.310744	22	22.5325779	131.4306936	116.1245206	147.3000582	3.296524893	-4.642282028	11.75239832	0.9140736033	0.9	1.99	qualified_conditional_WGS_fit	0.3263512618	True	1.036140116	21.75894243	PASS	accepted_QC_qualified_fit	accepted_QC_qualified_purity_ploidy_fit	unresolved_unphased_population_SNPs
GBM-12	Glioblastoma	<18	50.13224957	40.14155717	60.6115627	353	340	0.9631728045	35.16703032	53.71577505	36	35.11898017	44.97256386	36.0884656	54.37497553	5.159685706	-0.5416592107	11.82073527	0.8660116277	0.81	3.65	qualified_conditional_WGS_fit	0.4360127597	False	0.806663669	16.93993705	PASS	accepted_QC_qualified_fit	accepted_QC_qualified_purity_ploidy_fit	unresolved_unphased_population_SNPs
GBM-13	Glioblastoma	48	66.40813527	50.5214102	83.13079667	353	339	0.9603399433	51.41736807	70.08439035	23	23.58073654	66.70501034	51.68693624	82.23151875	-0.2968750706	-6.071357213	6.235212513	0.9055431234	NA	NA	unresolved_joint_fit_ploidy_ambiguity	0.1022934879	False	0.4575843705	9.609271781	PASS	valid_CNV_unresolved_purity_ploidy	valid_CNV_unresolved_purity_ploidy	unresolved_unphased_population_SNPs
GBM-14	Glioblastoma	65	84.38010148	66.12052733	101.5097819	353	336	0.9518413598	63.09530429	97.34772918	15	15.26345609	79.83030394	62.64153505	96.63867098	4.549797536	-2.262963324	13.05579664	0.9256916773	0.65	1.86	qualified_conditional_WGS_fit	0.2520493311	False	0.9194803709	19.30908779	PASS	accepted_QC_qualified_fit	accepted_QC_qualified_purity_ploidy_fit	unresolved_unphased_population_SNPs
GBM-15	Glioblastoma	73	89.33728252	75.70509617	103.3884746	353	339	0.9603399433	80.24315649	92.57335242	31	30.57507082	90.29159351	78.33561643	103.2369119	-0.9543109939	-9.504682332	7.646633262	0.8199925397	NA	NA	unresolved_joint_fit_ploidy_ambiguity	0.12127165	True	0.571364234	11.99864891	PASS	valid_CNV_unresolved_purity_ploidy	valid_CNV_unresolved_purity_ploidy	unresolved_unphased_population_SNPs
MEN-01	Meningioma	39	51.6449276	40.34269786	63.76643761	353	341	0.9660056657	36.99420533	55.17554705	36	34.95750708	48.55099889	39.68043041	58.39261276	3.09392871	-5.679065394	12.63264074	0.8350940663	NA	NA	unresolved_fit_instability	0.01808018468	True	0.8807468906	18.4956847	PASS	valid_CNV_unresolved_purity_ploidy	valid_CNV_unresolved_purity_ploidy	unresolved_unphased_population_SNPs
MEN-02	Meningioma	78	102.7777281	90.1987974	115.2095361	353	341	0.9660056657	94.95212783	105.9169827	35	33.54957507	94.5754011	82.76564153	106.9156323	8.202327042	2.524010304	14.02880876	0.913076326	0.69	1.89	qualified_conditional_WGS_fit	0.2800035384	False	0.8842450321	18.56914567	PASS	accepted_QC_qualified_fit	accepted_QC_qualified_purity_ploidy_fit	unresolved_unphased_population_SNPs
MEN-03	Meningioma	65	70.08806901	56.72368658	85.05939602	353	340	0.9631728045	55.41179879	73.71141805	28	26.74787535	66.85959957	54.35096721	80.35014495	3.228469439	-4.694406223	11.85030676	0.8274563066	NA	NA	unresolved_no_accepted_fit	0.01475715606	False	0.9129155091	19.17122569	PASS	valid_CNV_unresolved_purity_ploidy	valid_CNV_unresolved_purity_ploidy	unresolved_unphased_population_SNPs
MEN-04	Meningioma	55	80.64426133	69.9942486	90.61531531	353	340	0.9631728045	63.38212366	97.99316868	29	27.70538244	86.16678335	75.68503637	95.67208042	-5.522522015	-11.27610165	-0.1283702509	0.9317936295	0.89	1.92	qualified_conditional_WGS_fit	0.2769204931	False	0.947904875	19.90600237	PASS	accepted_QC_qualified_fit	accepted_QC_qualified_purity_ploidy_fit	unresolved_unphased_population_SNPs
MEN-05	Meningioma	55	68.27305266	55.79867882	81.52669829	353	341	0.9660056657	53.33186588	85.58357338	25	24.58073654	62.80540677	51.43776964	74.96685311	5.467645892	-3.755984549	15.06494324	0.7313435011	0.72	1.99	qualified_conditional_WGS_fit	0.04102527716	True	0.7609629851	15.98022269	PASS	accepted_QC_qualified_fit	accepted_QC_qualified_purity_ploidy_fit	unresolved_unphased_population_SNPs
